{"cameraMode":{"drawMode":0,"name":"Shaded","section":"Shading Mode"},"sceneLighting":true,"audioPlay":false,"sceneViewState":{"showFog":true,"showMaterialUpdate":false,"showSkybox":true,"showFlares":true,"showImageEffects":true,"showParticleSystems":true},"in2DMode":false,"pivot":{"x":549.2241821289063,"y":197.51258850097657,"z":105.44000244140625},"rotation":{"x":-0.06015489995479584,"y":-0.06503928452730179,"z":0.0038584417197853328,"w":-0.9961586594581604},"size":162.7882080078125,"orthographic":false}