{"cameraMode":{"drawMode":0,"name":"Shaded","section":"Shading Mode"},"sceneLighting":true,"audioPlay":false,"sceneViewState":{"showFog":true,"showMaterialUpdate":false,"showSkybox":true,"showFlares":true,"showImageEffects":true,"showParticleSystems":true},"in2DMode":false,"pivot":{"x":-0.25832366943359377,"y":2.8562936782836916,"z":2.943235397338867},"rotation":{"x":-0.21314798295497895,"y":-0.23086179792881013,"z":0.051873575896024707,"w":-0.9480515718460083},"size":6.662501335144043,"orthographic":false}